user_name,user_username,user_mail,user_usergroup,user_password,creation_time,create_by,user_state,user_active
Mufi Papen,mpapen0,mpapen0@seesaa.net,1,1aVBmL,2021-09-30 12:10:18,1,1,1
Tanner Duker,tduker1,tduker1@bloomberg.com,2,u2AAKnPYZrE,2021-05-06 03:59:18,1,1,1
Ignacio Lang,ilang2,ilang2@wufoo.com,1,16mGwE5tGPt,2021-07-06 16:25:56,1,1,1
Llywellyn Elmhirst,lelmhirst3,lelmhirst3@loc.gov,1,r5XVKr,2021-01-25 20:58:58,1,1,1
Byram Rissom,brissom4,brissom4@seattletimes.com,2,BroCdT,2020-10-16 14:50:10,1,1,1
Aguistin Slatcher,aslatcher5,aslatcher5@walmart.com,1,Q67z8pVURSg,2021-04-21 23:04:45,1,1,1
Emlyn Noriega,enoriega6,enoriega6@jugem.jp,1,qzOlxH,2021-02-24 03:58:46,1,1,1
Alyda Viall,aviall7,aviall7@wordpress.com,2,5r1l4T,2021-08-14 15:28:01,1,1,1
Maribeth O'Currigan,mocurrigan8,mocurrigan8@jalbum.net,3,E4PBHR7W,2021-04-23 16:25:05,1,1,1
Zilvia Hanscom,zhanscom9,zhanscom9@slate.com,2,aneNWYV2RwG,2021-03-14 18:21:22,1,1,1
Carla Lamputt,clamputta,clamputta@chron.com,2,kcRbGqwW,2021-08-13 05:21:20,1,1,1
Rhett Banghe,rbangheb,rbangheb@cdbaby.com,2,PUkjmBX,2021-06-19 05:50:35,1,1,1
Brandice Soall,bsoallc,bsoallc@360.cn,3,5ODF2Eoz4E,2021-08-19 03:31:45,1,1,1
Husein Sneezem,hsneezemd,hsneezemd@t-online.de,3,ebhTBxhBHXc,2021-09-08 10:56:38,1,1,1
Cybill Wooderson,cwoodersone,cwoodersone@phoca.cz,2,5TdyYnycL6ir,2021-05-20 19:59:28,1,1,1
Maia Keetley,mkeetleyf,mkeetleyf@theatlantic.com,1,O5RSJxWaq4,2020-11-26 01:20:32,1,1,1
Lois Tomalin,ltomaling,ltomaling@hhs.gov,1,mC0c7fG,2021-07-14 16:39:22,1,1,1
Nadya Cruikshank,ncruikshankh,ncruikshankh@mail.ru,1,Z8SIaAxSxMw,2021-03-12 01:46:14,1,1,1
Barthel Crichton,bcrichtoni,bcrichtoni@guardian.co.uk,1,f0SQsIuzX9,2020-11-07 08:29:58,1,1,1
Sergio Lamberts,slambertsj,slambertsj@hatena.ne.jp,3,sOwZx8D,2020-11-06 07:52:55,1,1,1
Fee Boylan,fboylank,fboylank@state.gov,3,6t9d0fqrRlD,2021-04-09 23:51:25,1,1,1
Talyah Buckthorp,tbuckthorpl,tbuckthorpl@accuweather.com,2,PfeUK8Ra1B,2021-08-24 09:00:09,1,1,1
Aviva Bussen,abussenm,abussenm@posterous.com,2,6wAWctW0f,2021-07-21 11:10:13,1,1,1
Esther Sayles,esaylesn,esaylesn@yahoo.com,3,fvAImr,2020-12-26 04:43:38,1,1,1
Carla Atwool,catwoolo,catwoolo@europa.eu,1,KYHqe3kTT7L,2021-04-22 08:07:14,1,1,1
Romy Nisard,rnisardp,rnisardp@webeden.co.uk,2,Siph6lYRPa,2020-11-02 17:22:19,1,1,1
Justin Hodgon,jhodgonq,jhodgonq@tuttocitta.it,1,vTieHQXpiFT,2021-02-06 20:44:56,1,1,1
Archie Rae,araer,araer@archive.org,3,KIjRzVUnhl,2021-03-20 13:36:19,1,1,1